Title,Company,Location,Date Posted,Job URL
AI/Machine Learning Labor Workforce Planning/HR Specialist,,,,https://www.indeed.com/rc/clk?jk=a41af2abce437c6d&bb=FMTOR9-9HkLoPmSTmuIwUoqwrsYL7M-8o0x7NFPm4zxk0q1PFvycs9onBlBIgp7RgH6Hj-AKxIqedrE3TNWuRqKLD1g-SOPISo50sLc0HssSxUn3soe54bP2xZUOYd8POmSHx2qbsFlCpjpDjWNd8g%3D%3D&xkcb=SoBj67M3pIiEAawVox0LbzkdCdPP&fccid=064b82583e336e46&vjs=3
Machine Learning: Natural Language Processing Engineer,,,,https://www.indeed.com/rc/clk?jk=ee7892744aaa0af8&bb=FMTOR9-9HkLoPmSTmuIwUk_eRadBQkOH-QpBdD0uEyNgld2w5rOYiCEwOd-9k7CBAmla5uFJeENIKdeSyP1Su5zOckw3MJ4zj7IBL8BXbMwMqdA6J9hNQZQViWh9QhEV3hXo5pKx9SRmhiNBc1rWbg%3D%3D&xkcb=SoDX67M3pIiEAawVox0KbzkdCdPP&fccid=dd616958bd9ddc12&vjs=3
Machine Learning Engineer - Graph ML & Code Intelligence,,,,https://www.indeed.com/rc/clk?jk=90ab2bd73bf73e48&bb=FMTOR9-9HkLoPmSTmuIwUoAtYt8EoTlR_c_AnMYts-q60YOZcMYBV48j8mN7YjsbvdaKnAasf5fkHei_WV2NFZkRko8_XsRsd5KsI1s2YI96vv5yFZgRKW8LhHq9g0i_TS7TQr3ewjwqIG7DSEEqtQ%3D%3D&xkcb=SoBK67M3pIiEAawVox0JbzkdCdPP&fccid=62f76b4207153cac&vjs=3
AI Specialist - Trainee,,,,https://www.indeed.com/rc/clk?jk=f18dd63cde67ec97&bb=FMTOR9-9HkLoPmSTmuIwUh56zzOrXEJrSuECN1iF1XU6F5roOAxvQDpZ2Yan51jpZc4Yt47fzDEYclH_v_sdvoE5jACOQ4wp8jIbPy30vqyjVUqOZ6XkfJnu3CUFV6djfASrgfLryKcYyLyYs27dmA%3D%3D&xkcb=SoD-67M3pIiEAawVox0IbzkdCdPP&fccid=fcb19ba739a946d1&vjs=3
AI Machine Learning Trainer - Remote Job,,,,https://www.indeed.com/rc/clk?jk=cc5d609fcc5172c7&bb=FMTOR9-9HkLoPmSTmuIwUip8uZ-6d6rGCAwyzm117jTl3Xu_HYK-F1zfQiYKzb-2uE2Oisu8KiehdevReYrdPlar17OTPZOX-GkDcWpxtbIDKI5pFzt__hOnPhfG4x4U94Gpgy-GzaCmMfOMr07wWw%3D%3D&xkcb=SoBw67M3pIiEAawVox0PbzkdCdPP&fccid=33395cbe2e1315ce&vjs=3
Research Scientist,,,,https://www.indeed.com/rc/clk?jk=845e731d82cff3ff&bb=FMTOR9-9HkLoPmSTmuIwUoAtYt8EoTlRVla34b1lTL0aRZXTDbTy-1ZJaJWgzbyaLVLj_ioUo9jFVCSQJiXmINJhELlnpuyJtQv1LWp0WYnHkvKk__v5lYlekA5VXJnavj4MbxkxKzKodo_3Hd7IKA%3D%3D&xkcb=SoDE67M3pIiEAawVox0ObzkdCdPP&fccid=d291159736ed679b&vjs=3
Senior LLM Research Scientist,,,,https://www.indeed.com/rc/clk?jk=d50a271f938eaf75&bb=FMTOR9-9HkLoPmSTmuIwUolSZQCWiLQVsGa0hGhW9g5EbmijLe78eMiWxD3PDBKkP5Fu5HXizAlmZe0Qxa6VUmrcIe80zKnNXJYpWxRc2IWT383R96rPrptYKJ__un6SB7zPaqTk50dAMLvEn2DyMw%3D%3D&xkcb=SoBZ67M3pIiEAawVox0NbzkdCdPP&fccid=dd616958bd9ddc12&vjs=3
Member of Technical Staff,,,,https://www.indeed.com/rc/clk?jk=4930c9570aeff8c7&bb=FMTOR9-9HkLoPmSTmuIwUtVXqtLTF2mhaDv1RxHee25p9Kx2amDNHn4F8I94Tz_vrQlmGWdQIzHl6AtSRin3oKYPX_JN7G3kwFjY7oD6iWRxEWh5RmDsojunxjLiqFddNCjaSSEP1QfILKd7eLkwOA%3D%3D&xkcb=SoDt67M3pIiEAawVox0MbzkdCdPP&fccid=dd616958bd9ddc12&vjs=3
"AI Engineer -(needs to work in our Perrysburg office, no remote working)",,,,https://www.indeed.com/rc/clk?jk=8a179200d4ea31ec&bb=FMTOR9-9HkLoPmSTmuIwUoxe8xRuXTtHAd6OpGI1nmypAO7rLVuXi71wiUdEHA0G3N48hPpKTz-_1iDxO_p2zSzLtMootDCP9gB2uCMQHZiZm9UMODRnyM2OALv8XLXGjp-0ECsQ6TYUwShbhbsafg%3D%3D&xkcb=SoAE67M3pIiEAawVox0DbzkdCdPP&fccid=6c92c0a422f1d5e7&vjs=3
"AI Engineer -(needs to work in our Perrysburg office, no remote working)",,,,https://www.indeed.com/viewjob?jk=f1e2d3c4b5a67890
Data Scientist,,,,https://www.indeed.com/rc/clk?jk=a4f3e98fa98cb261&bb=FMTOR9-9HkLoPmSTmuIwUrJRH_Topcax6ibXeM7YvJ-2-HAL07ooXT4eIiUNxMpRVSbGX6Z2HivAIko7fSsfp0iqz5dUhaKadkSbNFVHUzUAMpAyrT0sTrh99kDt9aPFQ_jmHW7ribpBRtvui_T4ow%3D%3D&xkcb=SoCw67M3pIiEAawVox0CbzkdCdPP&fccid=dd616958bd9ddc12&vjs=3
Artificial Intelligence and Machine Learning Adjunct Instructor,,,,https://www.indeed.com/rc/clk?jk=5350a47bdeee9161&bb=FMTOR9-9HkLoPmSTmuIwUl5psQLt-TFlA5ryH5qT9qx1xlPHO4KUZpcELkEZFqzxv_DayUR3ARVucPonno_6yyyJQ70OhpUQzTfYorw3Jm9TMgq3OOlFA_0KUof4sj9QnBn9jMGUge2HQfG3DXRwVA%3D%3D&xkcb=SoAt67M3pIiEAawVox0BbzkdCdPP&fccid=3d11fede78cc20b1&vjs=3
Machine Learning Research Engineer,,,,https://www.indeed.com/rc/clk?jk=84c2d6e608fdd4c8&bb=FMTOR9-9HkLoPmSTmuIwUhlo8H8pvI4P4MiiqD-3FYH3vFJgwYwqWQ5wC-QIIY273mbC99v5aJD_1RD7i5R1r4EOUj7YJX_teMRFqhMYBcoHVCJWHlqll1hdktf0gRbJzEotpJaZmNYm8CmPpI80_w%3D%3D&xkcb=SoCZ67M3pIiEAawVox0AbzkdCdPP&fccid=dd616958bd9ddc12&vjs=3
Machine Learning Research Scientist,,,,https://www.indeed.com/rc/clk?jk=3a2dafedd2537008&bb=FMTOR9-9HkLoPmSTmuIwUm2u51NZNQf3iXC2tvV2btyZq5QjAWkPWB7TwM_35FbFx3faxFeOmJOE_oEfEw4LpCG9CVmbl8LpB4oUjhOeVbsnOvT_RoT7zVvfUNe6gJMt9lfzzbrs1ig42gJK6Et9gw%3D%3D&xkcb=SoAX67M3pIiEAawVox0HbzkdCdPP&fccid=dd616958bd9ddc12&vjs=3
AI Innovator,,,,https://www.indeed.com/rc/clk?jk=6406773d82d17ad1&bb=FMTOR9-9HkLoPmSTmuIwUt-5AO-Ctx3seX59jrg9-RadU3lbpvYKdkmWX9RWIeYGk_W8CBVEIE1hpP-9guFsJMEoGBWiG053P9qKuLEkE9I8kxJN5FsE90f8wTAhJry4BnxmMPq-SlHqzQ9B-RTo5A%3D%3D&xkcb=SoCj67M3pIiEAawVox0GbzkdCdPP&fccid=327664ed5c122e26&vjs=3
Staff Machine Learning Infrastructure Engineer,,,,https://www.indeed.com/rc/clk?jk=a6a24a6aff528378&bb=FMTOR9-9HkLoPmSTmuIwUnyL1_E_xLCTvh3bqlsk3B7LgP8giRvTmAm8krp2-WqRVyA5IVLHXZcAodGIwRrGmwsDNOPiue0huA4rFxSuhHVSW9ZuJJQwapD7wNAwKHovvgcMw1abLUevMCIUDCnBRw%3D%3D&xkcb=SoA-67M3pIiEAawVox0FbzkdCdPP&fccid=dd616958bd9ddc12&vjs=3
